"","time","s.num","i.num","num","se.flow","is.flow","ei.flow","iq.flow","iq2h.flow","hf.flow","ds.flow","de.flow","di.flow","dq.flow","dh.flow","dr.flow","a.flow","e.num","r.num","q.num","h.num","f.num","p.num","a.num"
"1",1,9997,3,10000,0,0,0,0,0,0,0,0,0,0,0,0,0,NA,NA,NA,NA,NA,NA,NA
"2",2,9998,3,10001,0,0,0,0,0,0,0,0,0,0,0,0,1,0,0,0,0,0,0,0
"3",3,9998,3,10001,0,0,0,0,0,0,0,0,0,0,0,0,0,0,0,0,0,0,0,0
"4",4,9998,3,10001,0,0,0,0,0,0,0,0,0,0,0,0,0,0,0,0,0,0,0,0
"5",5,9997,3,10002,2,0,0,0,0,0,1,0,0,0,0,0,2,2,0,0,0,0,0,0
"6",6,9996,3,10002,1,0,0,0,0,0,0,0,0,0,0,0,0,3,0,0,0,0,0,0
"7",7,9992,4,10002,0,0,1,0,0,0,0,0,0,0,0,0,0,1,0,0,0,0,4,1
"8",8,9994,4,10004,0,0,0,0,0,0,0,0,0,0,0,0,2,1,0,0,0,0,4,1
"9",9,9993,4,10005,2,0,0,0,0,0,0,0,0,0,0,0,1,3,0,1,0,0,4,0
"10",10,9986,4,10005,2,1,1,1,0,0,0,0,0,0,0,0,0,3,1,2,0,0,9,0
"11",11,9984,4,10005,2,0,0,0,0,0,0,0,0,0,0,0,0,5,1,2,0,0,9,0
"12",12,9979,5,10005,0,1,1,0,0,0,0,0,0,0,0,0,0,3,2,2,0,0,14,0
"13",13,9970,6,10005,4,1,1,0,0,0,0,0,0,0,0,0,0,5,3,2,0,0,19,0
"14",14,9965,7,10004,0,1,1,0,0,0,1,0,0,0,0,0,0,2,4,2,0,0,23,1
"15",15,9962,7,10004,3,0,0,0,0,0,0,0,0,0,0,0,0,5,4,2,0,0,23,1
"16",16,9952,7,10004,5,2,1,0,0,0,0,0,0,0,0,0,0,8,6,2,0,0,28,1
"17",17,9943,7,10004,5,2,1,1,0,0,0,0,0,0,0,0,0,11,8,3,0,0,32,0
"18",18,9933,8,10004,1,2,2,0,0,0,0,0,0,0,0,0,0,9,10,3,0,0,41,0
"19",19,9919,9,10002,4,3,2,0,0,0,3,0,0,0,0,0,1,9,13,3,0,0,49,0
"20",20,9907,9,10002,4,3,2,1,0,0,0,0,0,0,0,0,0,9,16,4,0,0,57,0
"21",21,9898,10,10002,1,3,2,1,0,0,0,0,0,0,0,0,0,6,19,4,0,0,65,0
"22",22,9885,11,10002,6,2,2,0,0,0,0,0,0,0,0,0,0,8,21,4,0,0,72,1
"23",23,9880,9,10002,3,2,1,2,0,0,0,0,0,0,0,0,0,9,23,6,0,0,74,1
"24",24,9870,9,10002,4,3,2,1,0,0,0,0,0,0,0,0,0,9,26,7,0,0,80,1
"25",25,9858,11,10003,7,3,2,0,0,0,0,0,0,0,0,0,1,12,29,7,0,0,86,0
"26",26,9849,12,10004,5,3,2,1,0,0,0,0,0,0,0,0,1,13,32,7,0,0,91,0
"27",27,9836,13,10004,4,3,3,1,0,0,0,0,0,0,0,0,0,11,35,8,0,0,100,1
"28",28,9819,16,10003,7,4,3,0,0,0,1,0,0,0,0,0,0,13,39,6,0,0,109,1
"29",29,9811,16,10003,5,4,2,0,0,0,1,0,0,0,0,0,1,14,43,6,0,0,112,1
"30",30,9799,18,10004,5,4,3,0,0,0,0,0,0,0,0,0,1,14,47,6,0,0,120,0
"31",31,9786,20,10004,8,5,3,0,0,0,0,0,0,0,0,0,0,15,52,5,0,0,125,1
"32",32,9772,20,10004,5,4,4,1,1,0,1,0,0,0,0,0,1,12,56,6,1,0,134,3
"33",33,9764,22,10005,4,4,3,0,0,0,0,0,0,0,0,0,1,10,61,6,1,0,139,2
"34",34,9753,23,10005,10,4,2,0,0,0,0,0,0,0,0,0,0,17,65,5,1,0,140,1
"35",35,9739,22,10005,9,4,3,2,0,0,0,0,0,0,0,0,0,20,69,8,1,0,145,1
"36",36,9714,23,10005,16,5,4,0,1,0,0,0,0,0,0,0,0,29,74,7,2,0,154,2
"37",37,9690,25,10005,10,7,5,1,0,0,0,0,0,0,0,0,0,30,81,8,2,0,168,1
"38",38,9651,27,10004,15,8,7,1,0,0,1,0,0,0,0,0,0,33,89,9,2,0,191,2
"39",39,9626,28,10003,5,9,7,2,0,0,1,0,0,0,0,0,0,23,99,13,2,0,210,2
"40",40,9599,32,10003,12,8,6,0,0,0,0,0,0,0,0,0,0,24,107,12,2,0,225,2
"41",41,9574,33,10004,11,9,6,1,0,0,0,0,0,0,0,0,1,25,116,13,2,0,240,1
"42",42,9553,32,10006,12,9,5,2,1,0,0,0,0,0,0,0,2,28,125,14,3,0,250,1
"43",43,9522,35,10005,14,9,6,2,2,0,1,0,0,0,0,0,0,32,134,11,4,0,263,4
"44",44,9496,38,10005,6,10,7,1,0,0,0,0,0,0,0,0,0,25,144,12,3,0,283,4
"45",45,9467,40,10006,13,9,7,1,1,0,0,0,0,0,0,0,1,25,154,12,4,0,300,4
"46",46,9443,41,10006,16,10,6,1,0,1,0,0,0,0,0,0,0,27,166,15,1,1,307,5
"47",47,9422,41,10006,20,8,4,1,0,0,0,0,0,0,0,0,0,40,175,17,0,1,308,2
"48",48,9393,41,10006,18,11,7,2,1,0,0,0,0,0,0,0,0,44,186,18,1,1,319,3
"49",49,9351,44,10007,23,13,9,3,0,0,0,0,0,0,0,0,1,51,200,19,1,1,337,3
"50",50,9308,46,10006,21,14,10,4,0,0,1,0,0,0,0,0,0,52,215,22,1,1,358,3
"51",51,9267,50,10006,16,15,11,2,1,0,0,0,0,0,0,0,0,49,231,23,1,1,382,2
"52",52,9219,56,10007,19,16,12,2,2,0,0,0,0,0,0,0,1,46,247,21,3,1,409,5
"53",53,9180,64,10007,16,16,11,1,0,0,0,0,0,0,0,0,0,42,264,18,2,1,432,4
"54",54,9137,68,10006,27,15,9,1,0,0,1,0,0,0,0,0,0,51,280,16,2,1,444,7
"55",55,9083,66,10007,32,15,11,4,2,0,0,0,0,0,0,0,1,61,296,21,4,1,466,9
"56",56,9032,68,10006,20,16,12,3,3,0,1,0,0,0,0,0,0,59,314,22,7,1,496,7
"57",57,8971,76,10006,30,18,13,0,1,0,0,0,0,0,0,0,0,63,334,21,7,1,527,6
"58",58,8899,82,10006,39,20,14,0,1,0,0,0,0,0,0,0,0,73,355,21,7,1,560,8
"59",59,8822,84,10006,35,21,16,6,1,0,0,0,0,0,0,0,0,79,377,26,7,1,600,10
"60",60,8754,88,10006,25,23,17,2,2,0,0,0,0,0,0,0,0,71,403,28,8,1,640,13
"61",61,8683,89,10005,35,24,16,3,3,1,1,0,0,0,0,0,0,76,430,32,8,2,672,13
"62",62,8626,89,10005,27,24,16,7,1,3,0,0,0,0,0,0,0,72,458,39,4,5,701,11
"63",63,8576,94,10007,28,24,16,2,1,0,0,0,0,0,0,0,2,69,486,39,4,5,719,15
"64",64,8511,99,10007,42,26,16,3,0,0,0,0,0,0,0,0,0,80,515,40,2,5,739,16
"65",65,8445,104,10007,39,27,17,1,0,1,0,0,0,0,0,0,0,86,545,41,1,6,766,13
"66",66,8384,111,10007,36,28,17,2,2,0,0,0,0,0,0,0,0,85,576,40,2,6,789,14
"67",67,8314,112,10007,36,28,18,5,1,0,0,0,0,0,0,0,0,89,607,45,3,6,821,10
"68",68,8236,114,10008,43,31,19,4,1,0,0,0,0,0,0,0,1,97,640,48,3,6,854,10
"69",69,8157,120,10008,41,33,21,4,0,0,0,0,0,0,0,0,0,98,675,49,2,6,889,12
"70",70,8066,129,10008,48,34,23,3,1,0,0,0,0,0,0,0,0,102,711,48,2,6,923,21
"71",71,7995,132,10008,37,35,22,5,2,0,0,0,0,0,0,0,0,95,750,54,1,6,953,22
"72",72,7911,132,10007,48,35,22,3,4,0,1,0,0,0,0,0,0,102,790,58,4,6,982,22
"73",73,7820,134,10007,52,35,23,4,2,0,0,0,0,0,0,0,0,115,828,63,6,6,1016,19
"74",74,7738,136,10007,43,39,24,5,4,2,0,0,0,0,0,0,0,111,870,65,7,8,1051,21
"75",75,7653,142,10007,41,40,25,2,2,0,0,0,0,0,0,0,0,103,914,66,9,8,1091,21
"76",76,7561,145,10006,50,40,24,5,1,0,1,0,0,0,0,0,0,111,957,71,7,8,1125,21
"77",77,7476,150,10006,49,41,24,5,4,1,0,0,0,0,0,0,0,117,1003,67,7,9,1160,17
"78",78,7395,149,10007,43,42,25,7,2,0,0,0,0,0,0,0,1,113,1049,72,7,9,1198,15
"79",79,7305,154,10007,55,43,26,6,2,0,0,0,0,0,0,0,0,116,1096,72,7,9,1224,24
"80",80,7218,151,10007,56,43,26,8,4,0,0,0,0,0,0,0,0,121,1144,77,9,9,1250,28
"81",81,7151,150,10007,42,43,26,8,6,0,0,0,0,0,0,0,0,111,1193,81,13,9,1273,26
"82",82,7081,149,10007,56,45,25,6,3,2,0,0,0,0,0,0,0,114,1246,87,12,11,1283,24
"83",83,7028,150,10007,41,44,25,7,0,1,0,0,0,0,0,0,0,105,1296,92,10,12,1284,30
"84",84,6993,156,10006,40,44,23,1,2,1,1,0,0,0,0,0,0,92,1346,89,9,13,1271,37
"85",85,6933,152,10006,50,43,24,9,2,0,0,0,0,0,0,0,0,100,1394,97,9,13,1273,35
"86",86,6886,147,10006,55,44,22,4,4,0,0,0,0,0,0,0,0,109,1445,102,11,13,1259,34
"87",87,6837,157,10007,44,46,23,4,3,1,0,0,0,0,0,0,1,110,1497,94,11,14,1260,27
"88",88,6783,151,10005,41,47,25,10,6,0,2,0,0,0,0,0,0,103,1550,98,16,14,1264,26
"89",89,6741,155,10005,38,46,25,6,5,0,0,0,0,0,0,0,0,93,1600,95,18,14,1260,29
"90",90,6713,151,10004,45,45,21,5,4,0,0,0,0,0,0,1,0,95,1651,93,19,14,1238,30
"91",91,6698,147,10004,33,47,21,3,5,0,0,0,0,0,0,0,0,86,1704,90,23,14,1211,31
"92",92,6681,141,10005,38,46,20,6,3,2,0,0,0,0,0,0,1,86,1758,91,19,16,1186,27
"93",93,6658,142,10005,41,45,20,6,1,1,0,0,0,0,0,0,0,87,1812,90,14,17,1163,22
"94",94,6632,141,10005,47,42,19,2,4,1,0,0,0,0,0,0,0,97,1860,88,12,18,1137,20
"95",95,6600,141,10005,41,43,20,3,1,0,0,0,0,0,0,0,0,101,1909,85,10,18,1127,14
"96",96,6556,142,10005,37,46,22,4,2,0,0,0,0,0,0,0,0,98,1959,80,10,18,1129,13
"97",97,6519,147,10005,28,45,24,5,0,2,0,0,0,0,0,0,0,80,2007,76,7,20,1133,16
"98",98,6483,149,10005,47,41,19,4,4,0,0,0,0,0,0,0,0,94,2051,69,6,20,1119,14
"99",99,6452,150,10005,37,40,20,4,1,0,0,0,0,0,0,0,0,95,2094,65,6,20,1105,18
"100",100,6418,144,10005,44,41,20,4,4,2,0,0,0,0,0,0,0,96,2137,65,7,22,1087,29
"101",101,6379,143,10005,40,42,21,9,1,1,0,0,0,0,0,0,0,94,2184,66,6,23,1082,28
"102",102,6348,140,10004,35,42,21,6,1,0,1,0,1,0,0,0,1,83,2232,72,5,23,1074,27
"103",103,6303,142,10004,37,39,21,5,0,0,0,0,0,0,0,0,0,82,2276,72,5,23,1075,26
"104",104,6277,138,10004,33,38,18,6,4,0,0,0,0,0,0,0,0,81,2319,72,8,23,1061,25
"105",105,6253,131,10004,27,40,20,4,6,1,0,0,0,0,0,0,0,71,2366,74,10,24,1050,25
"106",106,6243,126,10004,29,38,16,2,3,0,0,0,0,0,0,0,0,69,2409,72,12,24,1030,19
"107",107,6230,126,10004,29,37,15,3,1,1,0,0,0,0,0,0,0,71,2450,68,9,25,1012,13
"108",108,6206,119,10004,41,37,16,3,2,0,0,0,0,0,0,0,0,82,2490,69,10,25,989,14
"109",109,6190,114,10003,22,37,18,5,6,2,1,0,0,0,0,0,0,74,2529,67,12,27,980,10
"110",110,6176,113,10004,22,37,18,4,1,1,0,0,0,0,0,0,1,62,2568,65,11,28,968,13
"111",111,6158,115,10004,28,32,17,2,1,0,0,0,0,0,0,0,0,60,2605,61,8,28,952,17
"112",112,6147,111,10005,31,32,15,7,1,0,0,0,0,0,0,0,1,64,2640,63,6,28,928,18
"113",113,6140,105,10005,31,31,13,3,0,0,0,0,0,0,0,0,0,72,2674,65,5,28,899,17
"114",114,6126,105,10005,30,32,15,1,2,0,0,0,0,0,0,0,0,74,2710,60,6,28,882,14
"115",115,6102,102,10005,29,33,17,3,1,0,0,0,0,0,0,0,0,70,2746,62,6,28,873,16
"116",116,6084,102,10005,22,34,16,5,1,1,0,0,0,0,0,0,0,62,2783,61,5,29,869,10
"117",117,6052,101,10005,37,31,15,2,1,0,0,0,0,0,0,0,0,72,2817,60,4,29,864,6
"118",118,6039,97,10005,19,32,15,6,0,0,0,0,0,0,0,0,0,63,2850,61,3,29,856,7
"119",119,6015,98,10007,31,31,16,3,2,0,0,0,0,0,0,0,2,64,2884,55,4,29,849,9
"120",120,5995,99,10008,28,31,14,3,1,1,0,0,0,0,0,0,1,68,2917,49,3,30,840,7
"121",121,5974,101,10008,20,29,16,4,3,0,0,0,0,0,0,0,0,60,2948,43,5,30,841,6
"122",122,5956,103,10007,31,27,13,3,2,0,1,0,0,0,0,0,0,68,2976,38,5,30,825,6
"123",123,5938,103,10007,20,29,15,4,1,0,0,0,0,0,0,0,0,62,3006,36,6,30,823,3
"124",124,5914,102,10007,27,27,15,3,0,2,0,0,0,0,0,0,0,61,3034,36,4,32,819,5
"125",125,5907,96,10007,18,26,13,4,2,0,0,0,0,0,0,0,0,55,3061,37,6,32,807,6
"126",126,5897,99,10007,20,25,13,1,3,0,0,0,0,0,0,0,0,52,3088,30,7,32,795,7
"127",127,5884,92,10007,29,25,12,4,1,2,0,0,0,0,0,0,0,56,3115,36,5,34,778,7
"128",128,5883,89,10007,19,24,12,4,0,0,0,0,0,0,0,0,0,51,3140,38,4,34,759,9
"129",129,5882,85,10007,17,24,12,6,1,0,0,0,0,0,0,0,0,46,3166,40,3,34,738,13
"130",130,5885,86,10007,17,24,11,0,1,0,0,0,0,0,0,0,0,42,3192,37,3,34,718,10
"131",131,5880,80,10007,25,22,11,3,3,0,0,0,0,0,0,0,0,47,3216,40,5,34,698,7
"132",132,5880,75,10007,27,22,10,4,2,0,0,0,0,0,0,0,0,53,3241,40,6,34,669,9
"133",133,5879,75,10007,17,23,11,4,6,0,0,0,0,0,0,0,0,50,3266,36,8,34,653,6
"134",134,5866,78,10007,28,23,12,2,3,0,0,0,0,0,0,0,0,54,3291,33,7,34,636,8
"135",135,5852,76,10007,24,23,12,4,2,0,0,0,0,0,0,0,0,56,3316,33,7,34,625,8
"136",136,5838,75,10007,15,23,13,3,4,1,0,0,0,0,0,0,0,48,3340,32,8,35,621,10
"137",137,5824,74,10007,16,22,12,2,0,0,0,0,0,0,0,0,0,42,3365,35,5,35,618,9
"138",138,5808,77,10007,19,21,11,3,0,0,0,0,0,0,0,0,0,42,3388,32,4,35,615,6
"139",139,5800,76,10007,18,21,10,2,2,0,0,0,0,0,0,0,0,40,3410,29,6,35,602,9
"140",140,5791,77,10008,23,19,9,1,0,0,0,0,0,0,0,0,1,45,3431,28,4,35,585,12
"141",141,5786,77,10008,16,19,9,4,2,0,0,0,0,0,0,0,0,46,3452,28,3,35,574,7
"142",142,5769,76,10007,18,22,10,2,1,0,0,0,0,0,0,1,0,45,3474,28,3,35,571,6
"143",143,5749,72,10007,17,21,10,2,2,0,0,0,0,0,0,0,0,45,3496,30,3,35,573,4
"144",144,5737,66,10007,15,20,10,1,5,0,0,0,0,0,0,0,0,41,3517,30,7,35,570,4
"145",145,5731,68,10007,11,19,10,2,1,0,0,0,0,0,0,0,0,35,3537,27,7,35,564,3
"146",146,5725,62,10007,21,19,8,3,3,0,0,0,0,0,0,0,0,41,3556,26,10,35,547,5
"147",147,5720,61,10007,16,19,9,2,2,0,0,0,0,0,0,0,0,40,3577,23,10,35,536,5
"148",148,5714,62,10008,16,17,9,3,0,0,0,0,0,0,0,0,1,40,3596,23,7,35,524,7
"149",149,5704,60,10008,19,18,9,2,3,0,0,0,0,0,0,0,0,42,3617,22,8,35,515,5
"150",150,5698,55,10009,14,18,9,3,4,0,0,0,0,0,0,0,1,39,3638,23,9,35,507,5
"151",151,5691,56,10009,14,17,9,1,1,1,0,0,0,0,0,0,0,36,3656,23,7,36,500,4
"152",152,5689,54,10008,6,17,9,4,0,0,1,0,0,0,0,0,0,24,3674,26,6,36,493,6
"153",153,5692,51,10008,10,14,7,3,0,0,0,0,0,0,0,0,0,22,3690,28,4,36,480,5
"154",154,5702,50,10009,8,14,6,1,1,1,0,0,0,0,0,0,1,20,3705,26,3,37,462,4
"155",155,5710,46,10010,15,13,5,2,2,0,0,0,0,0,0,0,1,26,3720,24,4,37,439,4
"156",156,5720,45,10010,11,13,5,2,0,0,0,0,0,0,0,0,0,27,3734,22,4,37,418,3
"157",157,5730,42,10011,7,13,6,2,0,1,0,0,0,0,0,0,1,24,3747,23,3,38,401,3
"158",158,5734,42,10011,9,13,6,1,0,0,0,0,0,0,0,0,0,24,3761,22,2,38,387,1
"159",159,5737,41,10011,17,13,5,1,0,0,0,0,0,0,0,0,0,32,3774,19,2,38,367,1
"160",160,5740,43,10011,8,13,6,0,0,0,1,0,0,0,0,0,1,29,3787,17,1,38,356,0
"161",161,5730,43,10011,14,13,7,1,2,0,0,0,0,0,0,0,0,30,3800,16,1,38,351,2
"162",162,5721,44,10010,13,13,7,2,0,0,1,0,0,0,0,0,0,28,3813,16,0,38,346,4
"163",163,5718,46,10010,10,12,6,1,0,0,0,0,0,0,0,0,0,27,3826,13,0,38,337,5
"164",164,5710,44,10010,11,11,6,3,1,0,0,0,0,0,0,0,0,28,3837,14,1,38,334,4
"165",165,5691,40,10009,16,12,7,4,2,0,0,0,0,0,0,1,0,33,3849,17,2,38,336,3
"166",166,5673,39,10008,11,12,7,3,1,0,1,0,0,0,0,0,0,33,3861,17,3,38,342,2
"167",167,5655,38,10007,6,13,8,2,0,0,0,0,0,0,0,1,0,26,3873,19,3,38,354,1
"168",168,5641,39,10007,7,13,7,0,0,0,0,0,0,0,0,0,0,21,3886,17,3,38,361,1
"169",169,5636,37,10008,9,12,5,2,3,0,0,0,0,0,0,0,1,21,3898,14,6,38,358,0
"170",170,5637,37,10008,5,11,5,1,0,0,0,0,0,0,0,0,0,17,3910,12,4,38,350,3
"171",171,5644,35,10008,4,10,4,1,0,0,0,0,0,0,0,0,0,14,3920,13,3,38,339,2
"172",172,5650,35,10009,8,9,4,1,0,1,0,0,0,0,0,0,1,14,3929,12,1,39,326,3
"173",173,5650,33,10010,10,8,4,2,1,1,0,0,0,0,0,0,1,18,3938,12,1,40,317,1
"174",174,5659,32,10010,7,9,3,0,0,0,0,0,0,0,0,0,0,19,3947,11,1,40,301,0
"175",175,5663,32,10010,7,9,4,0,1,0,0,0,0,0,0,0,0,19,3956,8,2,40,290,0
"176",176,5663,31,10010,9,8,5,4,0,0,0,0,0,0,0,0,0,18,3964,9,2,40,281,2
"177",177,5665,30,10010,11,7,4,1,1,0,0,0,0,0,0,0,0,23,3971,8,3,40,267,3
"178",178,5673,29,10010,7,8,4,1,0,0,0,0,0,0,0,0,0,22,3980,9,3,40,252,2
"179",179,5673,29,10011,6,9,5,0,2,0,0,0,0,0,0,0,1,19,3989,8,4,40,247,2
"180",180,5672,29,10011,5,9,5,0,0,0,0,0,0,0,0,0,0,14,3999,9,4,40,243,1
"181",181,5676,29,10011,8,7,3,0,0,0,0,0,0,0,0,0,0,17,4007,8,3,40,231,0
"182",182,5681,31,10012,3,7,4,0,0,0,0,0,0,0,0,0,1,14,4014,5,3,40,223,1
"183",183,5680,29,10012,9,7,3,0,2,0,0,0,0,0,0,0,0,17,4021,4,4,40,215,2
"184",184,5678,30,10012,4,6,4,0,0,0,0,0,0,0,0,0,0,12,4028,4,4,40,213,3
"185",185,5677,29,10013,4,7,3,1,1,0,0,0,0,0,0,0,1,11,4036,6,2,40,211,1
"186",186,5677,28,10013,8,7,2,0,0,0,0,0,0,0,0,0,0,15,4043,5,2,40,203,0
"187",187,5682,27,10014,3,7,3,0,0,0,0,0,0,0,0,0,1,11,4050,6,1,40,196,1
"188",188,5685,24,10014,6,6,2,2,0,0,0,0,0,0,0,0,0,13,4056,7,1,40,187,1
"189",189,5690,22,10013,1,6,3,1,1,0,0,0,0,0,0,1,0,9,4061,8,2,40,181,0
"190",190,5686,23,10013,10,6,3,0,0,0,0,0,0,0,0,0,0,14,4067,7,1,40,175,0
"191",191,5692,21,10013,4,5,2,1,0,0,0,0,0,0,0,0,0,15,4072,8,0,40,165,0
"192",192,5689,20,10013,8,6,3,2,0,0,0,0,0,0,0,0,0,17,4078,8,0,40,160,1
"193",193,5687,20,10014,1,6,4,0,0,0,0,0,0,0,0,0,1,12,4084,8,0,40,162,1
"194",194,5684,19,10015,6,6,3,0,1,0,0,0,0,0,0,0,1,13,4090,7,1,40,159,2
"195",195,5685,16,10016,3,6,3,2,0,0,0,0,0,0,0,0,1,10,4096,10,1,40,156,2
"196",196,5684,18,10017,2,5,3,1,1,0,0,0,0,0,0,0,1,7,4101,7,2,40,156,2
"197",197,5684,16,10017,2,4,2,1,1,0,0,0,0,0,0,0,0,6,4105,8,3,40,154,1
"198",198,5686,17,10017,2,4,2,0,0,0,0,0,0,0,0,1,1,5,4108,8,2,40,151,0
"199",199,5686,16,10018,8,4,1,1,0,0,0,0,0,0,0,0,1,11,4112,7,2,40,144,0
"200",200,5685,16,10018,4,4,2,0,0,1,0,0,0,0,0,0,0,12,4116,6,1,41,141,0
"201",201,5688,16,10020,2,5,2,1,0,0,0,0,0,0,0,0,2,10,4121,6,0,41,138,0
"202",202,5680,16,10020,7,5,3,1,0,0,0,0,0,0,0,0,0,11,4126,6,0,41,139,1
"203",203,5682,16,10020,2,4,2,0,0,0,0,0,0,0,0,0,0,10,4130,5,0,41,135,1
"204",204,5679,16,10020,5,5,3,1,0,0,0,0,0,0,0,1,1,9,4134,5,0,41,134,2
"205",205,5679,15,10020,5,4,2,0,0,0,0,0,0,0,0,0,0,10,4138,6,0,41,129,2
"206",206,5677,13,10021,6,4,2,0,1,0,0,0,0,0,0,0,1,13,4142,7,1,41,126,1
"207",207,5676,14,10020,0,5,3,0,0,0,0,0,0,0,0,1,0,7,4146,7,1,41,127,1
"208",208,5677,12,10020,3,4,2,1,0,0,0,0,0,0,0,0,0,7,4150,8,1,41,123,1
"209",209,5672,12,10019,6,3,2,0,0,0,1,0,0,0,0,0,0,10,4153,8,1,41,121,1
"210",210,5671,12,10019,2,4,2,0,0,0,0,0,0,0,0,0,0,8,4157,8,1,41,120,1
"211",211,5666,13,10018,4,4,2,0,0,0,0,0,0,0,0,1,0,9,4160,6,1,41,121,1
"212",212,5660,14,10018,5,4,2,0,0,0,0,0,0,0,0,0,0,11,4164,5,1,41,122,0
"213",213,5658,12,10018,3,5,2,1,0,0,1,0,0,0,0,0,1,10,4169,6,1,41,121,0
"214",214,5650,13,10018,6,4,3,1,0,0,0,0,0,0,0,0,0,9,4173,6,1,41,123,2
"215",215,5650,12,10020,4,4,2,2,1,0,0,0,0,0,0,0,2,10,4177,5,2,41,121,2
"216",216,5648,13,10020,4,4,2,0,0,0,0,0,0,0,0,0,0,10,4181,5,2,41,119,1
"217",217,5642,15,10020,3,3,3,0,0,1,0,0,0,0,0,0,0,9,4184,5,1,42,122,0
"218",218,5641,16,10022,3,3,2,0,0,1,0,0,0,0,0,0,2,9,4187,4,0,43,122,0
"219",219,5635,15,10022,6,3,2,1,0,0,0,0,0,0,0,0,0,12,4190,5,0,43,122,0
"220",220,5636,14,10023,1,4,2,1,0,0,0,0,0,0,0,0,1,9,4194,6,0,43,121,0
"221",221,5629,14,10023,2,3,3,0,1,0,0,0,0,0,0,0,0,7,4197,6,1,43,125,1
"222",222,5625,14,10024,7,3,2,1,0,0,0,0,0,0,0,0,1,11,4200,6,1,43,123,1
"223",223,5624,12,10024,2,4,2,3,0,0,0,0,0,0,0,0,0,9,4204,8,1,43,122,1
"224",224,5620,11,10024,6,4,2,1,0,0,0,0,0,0,0,0,0,11,4208,9,1,43,120,1
"225",225,5618,11,10024,3,4,2,0,0,0,0,0,0,0,0,0,0,10,4213,10,0,43,119,0
"226",226,5620,10,10024,0,5,2,1,1,0,0,0,0,0,0,0,0,4,4218,9,1,43,117,2
"227",227,5623,10,10024,3,3,1,0,0,0,0,0,0,0,0,0,0,5,4221,9,1,43,111,1
"228",228,5627,10,10024,1,3,1,0,0,0,0,0,0,0,0,0,0,4,4224,9,1,43,106,0
"229",229,5633,8,10024,0,3,1,1,1,0,0,0,0,0,0,0,0,2,4227,9,2,43,100,0
"230",230,5639,7,10024,0,2,1,1,0,0,0,0,0,0,0,0,0,1,4229,9,2,43,94,0
"231",231,5647,6,10024,2,2,0,0,0,0,0,0,0,0,0,0,0,3,4231,8,2,43,84,0
"232",232,5651,4,10023,2,2,1,2,0,1,1,0,0,0,0,0,0,3,4233,9,1,44,77,1
"233",233,5655,5,10023,2,2,1,0,0,0,0,0,0,0,0,0,0,4,4235,7,1,44,71,1
"234",234,5662,6,10023,0,2,1,0,0,0,0,0,0,0,0,0,0,2,4237,5,1,44,64,2
"235",235,5668,7,10023,0,2,1,0,0,0,0,0,0,0,0,0,0,0,4240,4,1,44,58,1
"236",236,5674,6,10023,2,2,0,0,0,0,0,0,0,0,0,0,0,2,4242,4,1,44,50,0
"237",237,5681,4,10023,0,2,0,0,1,0,0,0,0,0,0,0,0,2,4244,3,2,44,43,0
"238",238,5685,3,10023,3,1,0,0,0,0,0,0,0,0,0,0,0,5,4245,3,2,44,36,0
"239",239,5686,4,10022,0,2,1,0,0,0,1,0,0,0,0,0,0,2,4247,2,2,44,34,1
"240",240,5692,4,10023,0,1,0,0,0,0,0,0,0,0,0,0,1,2,4249,2,0,44,29,1
"241",241,5690,5,10023,1,1,1,0,0,0,0,0,0,0,0,0,0,2,4250,1,0,44,30,1
"242",242,5689,5,10024,0,1,1,0,0,0,0,0,0,0,0,0,1,1,4251,2,0,44,32,0
"243",243,5693,3,10024,0,1,0,1,0,0,0,0,0,0,0,0,0,1,4252,3,0,44,28,0
"244",244,5698,3,10026,1,1,0,0,0,0,0,0,0,0,0,0,2,2,4253,2,0,44,24,0
"245",245,5696,3,10026,0,1,1,0,0,0,0,0,0,0,0,0,0,1,4254,2,0,44,26,0
"246",246,5700,2,10027,0,1,0,0,0,0,0,0,0,0,0,0,1,1,4255,2,0,44,23,0
"247",247,5702,2,10028,1,0,0,0,0,0,0,0,0,0,0,0,1,2,4255,2,0,44,21,0
"248",248,5699,2,10028,0,1,1,0,0,0,0,0,0,0,0,0,0,1,4256,2,0,44,24,0
"249",249,5701,2,10028,0,1,0,0,0,0,0,0,0,0,0,0,0,1,4257,1,0,44,22,0
"250",250,5702,1,10029,2,1,0,0,0,0,0,0,0,0,0,0,1,3,4258,1,0,44,20,0
"251",251,5700,2,10030,0,0,1,0,0,0,0,0,0,0,0,0,1,2,4258,1,0,44,23,0
"252",252,5701,1,10030,1,1,0,0,0,0,0,0,0,0,0,0,0,3,4259,1,0,44,21,0
"253",253,5698,2,10030,0,0,1,0,0,0,0,0,0,0,0,0,0,2,4259,1,0,44,24,0
"254",254,5697,3,10030,0,1,1,0,0,0,0,0,0,0,0,0,0,0,4260,1,0,44,25,0
"255",255,5698,3,10029,1,0,0,0,0,0,0,0,0,0,0,1,0,1,4259,1,0,44,23,0
"256",256,5700,2,10030,1,1,0,0,0,0,0,0,0,0,0,0,1,2,4260,1,0,44,21,0
"257",257,5702,2,10030,0,0,0,0,0,0,0,0,0,0,0,0,0,2,4260,1,0,44,19,0
"258",258,5698,3,10030,0,1,1,0,0,0,0,0,0,0,0,0,0,1,4261,0,0,44,23,0
"259",259,5700,3,10030,0,0,0,0,0,0,0,0,0,0,0,0,0,1,4261,0,0,44,21,0
"260",260,5696,4,10029,0,0,1,0,0,0,0,0,0,0,0,1,0,0,4260,0,0,44,25,0
"261",261,5697,4,10029,1,0,0,0,0,0,0,0,0,0,0,0,0,1,4260,0,0,44,23,0
"262",262,5700,4,10031,1,0,0,0,0,0,0,0,0,0,0,0,2,2,4260,0,0,44,21,0
"263",263,5700,3,10031,2,1,0,0,0,0,0,0,0,0,0,0,0,4,4261,0,0,44,19,0
"264",264,5695,3,10031,3,1,1,0,0,0,0,0,0,0,0,0,0,6,4262,0,0,44,21,0
"265",265,5692,3,10031,0,1,1,0,1,0,0,0,0,0,0,0,0,4,4263,0,1,44,24,0
"266",266,5689,4,10031,0,1,1,0,0,0,0,0,0,0,0,0,0,2,4264,0,1,44,27,0
"267",267,5684,3,10031,3,1,1,1,0,0,0,0,0,0,0,1,1,4,4264,1,1,44,30,0
"268",268,5681,3,10030,0,1,1,0,1,0,1,0,0,0,0,0,0,3,4265,0,2,44,32,0
"269",269,5676,4,10030,1,1,1,0,0,0,0,0,0,0,0,0,0,3,4266,0,1,44,36,0
"270",270,5672,5,10031,2,1,1,0,0,1,0,0,0,0,0,0,1,3,4267,0,0,45,39,0
"271",271,5668,6,10031,0,0,1,0,0,0,0,0,0,0,0,0,0,2,4267,0,0,45,43,0
"272",272,5667,6,10031,3,0,0,0,0,0,0,0,0,0,0,0,0,5,4267,0,0,45,41,0
"273",273,5664,5,10031,1,2,1,1,0,0,0,0,0,0,0,0,0,3,4269,1,0,45,43,1
"274",274,5662,4,10031,0,1,1,1,0,0,0,0,0,0,0,0,0,2,4270,2,0,45,45,1
"275",275,5662,4,10034,1,1,1,0,0,0,0,0,0,0,0,0,3,2,4271,2,0,45,47,1
"276",276,5664,3,10034,2,1,0,0,0,0,0,0,0,0,0,0,0,4,4272,3,0,45,43,0
"277",277,5663,4,10033,0,1,1,0,0,0,0,0,0,0,0,1,0,3,4272,2,0,45,44,0
"278",278,5663,5,10035,2,1,1,0,0,0,0,0,0,0,0,1,3,3,4272,2,0,45,45,0
"279",279,5662,4,10034,0,1,1,0,1,0,1,0,0,0,0,0,0,2,4273,2,1,45,45,0
"280",280,5665,3,10034,1,1,0,0,0,0,0,0,0,0,0,0,0,3,4274,2,1,45,41,0
"281",281,5665,3,10035,0,1,1,0,0,0,0,0,0,0,0,0,1,2,4275,2,1,45,42,0
"282",282,5665,3,10035,0,1,1,0,0,0,0,0,0,0,0,0,0,0,4276,2,1,45,42,1
"283",283,5671,3,10036,0,1,0,0,0,0,0,0,0,0,0,0,1,0,4278,1,0,45,37,1
"284",284,5675,2,10037,1,1,0,0,0,0,0,0,0,0,0,0,1,1,4279,2,0,45,33,0
"285",285,5677,2,10037,1,0,0,0,0,0,0,0,0,0,0,0,0,2,4279,2,0,45,30,0
"286",286,5681,1,10036,0,1,0,0,0,0,0,0,0,0,0,1,0,2,4279,2,0,45,26,0
"287",287,5679,2,10036,0,0,1,0,0,0,0,0,0,0,0,0,0,1,4279,2,0,45,28,0
"288",288,5682,2,10036,0,1,0,0,0,0,0,0,0,0,0,0,0,1,4280,1,0,45,25,0
"289",289,5681,3,10037,1,0,1,0,0,0,0,0,0,0,0,0,1,1,4280,1,0,45,26,0
"290",290,5684,3,10037,0,0,0,0,0,0,0,0,0,0,0,0,0,1,4280,1,0,45,23,0
"291",291,5686,2,10037,1,1,0,0,1,0,0,0,0,0,0,0,0,2,4281,1,0,45,20,0
"292",292,5687,2,10037,2,0,0,0,0,0,0,0,0,0,0,0,0,4,4281,1,0,45,17,0
"293",293,5684,2,10037,1,2,1,0,0,0,0,0,0,0,0,0,0,3,4283,1,0,45,19,0
"294",294,5681,3,10037,0,0,1,0,0,0,0,0,0,0,0,0,0,2,4283,1,0,45,22,0
"295",295,5677,4,10037,1,1,1,0,0,0,0,0,0,0,0,0,0,1,4284,0,0,45,25,1
"296",296,5676,4,10037,2,0,0,0,0,0,0,0,0,0,0,0,0,3,4284,0,0,45,24,1
"297",297,5678,4,10038,1,0,0,0,0,0,0,0,0,0,0,0,1,4,4284,1,0,45,22,0
"298",298,5675,3,10038,0,2,1,0,1,0,0,0,0,0,0,0,0,2,4286,1,1,45,25,0
"299",299,5670,4,10037,1,0,1,0,0,0,1,0,0,0,0,0,0,2,4286,1,1,45,28,0
"300",300,5671,3,10038,2,1,0,0,0,1,0,0,0,0,0,0,1,4,4287,1,0,46,26,0
"301",301,5667,4,10038,1,0,1,0,0,0,0,0,0,0,0,0,0,4,4287,1,0,46,29,0
"302",302,5664,4,10039,0,2,1,0,0,0,0,0,0,0,0,0,1,2,4289,1,0,46,33,0
"303",303,5661,4,10039,0,1,1,0,0,0,0,0,0,0,0,0,0,1,4290,1,0,46,36,0
"304",304,5663,3,10039,0,1,0,0,1,0,0,0,0,0,0,0,0,1,4291,1,0,46,34,0
"305",305,5662,3,10038,0,1,1,0,0,0,0,0,0,0,0,1,0,0,4291,1,0,46,35,0
"306",306,5664,2,10038,1,1,0,0,0,0,0,0,0,0,0,0,0,1,4292,1,0,46,32,0
"307",307,5667,2,10038,0,0,0,0,0,0,0,0,0,0,0,0,0,1,4292,1,0,46,29,0
"308",308,5670,2,10038,0,0,0,0,0,0,0,0,0,0,0,0,0,1,4292,1,0,46,26,0
"309",309,5672,2,10038,1,0,0,0,0,0,0,0,0,0,0,0,0,2,4292,1,0,46,23,0
"310",310,5670,2,10038,0,1,1,0,0,0,0,0,0,0,0,0,0,1,4293,1,0,46,25,0
"311",311,5674,2,10038,0,1,0,0,0,0,0,0,0,0,0,0,0,1,4294,0,0,46,21,0
"312",312,5677,2,10038,1,0,0,0,0,0,0,0,0,0,0,0,0,2,4294,0,0,46,17,0
"313",313,5676,3,10039,0,0,1,0,0,0,0,0,0,0,0,0,1,1,4294,0,0,46,19,0
"314",314,5678,3,10037,0,0,0,0,0,0,1,0,0,0,0,1,0,1,4293,0,0,46,16,0
"315",315,5680,3,10037,0,0,0,0,0,0,0,0,0,0,0,0,0,1,4293,0,0,46,14,0
"316",316,5677,3,10038,0,1,1,0,0,0,0,0,0,0,0,0,1,0,4294,0,0,46,18,0
"317",317,5678,3,10038,1,0,0,0,0,0,1,0,0,0,0,0,1,1,4294,0,0,46,16,0
"318",318,5681,3,10040,0,0,0,0,0,0,0,0,0,0,0,0,2,1,4294,0,0,46,15,0
"319",319,5683,2,10040,0,1,0,0,0,0,0,0,0,0,0,0,0,1,4295,0,0,46,13,0
"320",320,5683,2,10040,1,0,0,0,0,0,0,0,0,0,0,0,0,2,4295,0,0,46,12,0
"321",321,5679,3,10040,0,1,1,0,0,0,0,0,0,0,0,0,0,0,4296,0,0,46,16,0
"322",322,5681,3,10041,0,0,0,0,0,0,0,0,0,0,0,0,1,0,4296,0,0,46,15,0
"323",323,5682,3,10041,0,0,0,0,0,0,0,0,0,0,0,0,0,0,4296,0,0,46,14,0
"324",324,5682,3,10041,1,0,0,0,0,0,0,0,0,0,0,0,0,1,4296,0,0,46,13,0
"325",325,5683,2,10041,1,1,0,0,0,0,0,0,0,0,0,0,0,2,4297,0,0,46,11,0
"326",326,5684,2,10041,1,0,0,0,0,0,0,0,0,0,0,0,0,3,4297,0,0,46,9,0
"327",327,5680,3,10041,0,1,1,0,0,0,0,0,0,0,0,0,0,1,4298,0,0,46,13,0
"328",328,5683,3,10042,0,0,0,0,0,0,0,0,0,0,0,0,1,1,4298,0,0,46,11,0
"329",329,5678,4,10042,1,0,1,0,0,0,0,0,0,0,0,0,0,1,4298,0,0,46,15,0
"330",330,5678,3,10042,1,1,0,0,0,0,0,0,0,0,0,0,0,2,4299,0,0,46,14,0
"331",331,5678,3,10042,1,0,0,0,0,0,0,0,0,0,0,0,0,3,4299,0,0,46,13,0
"332",332,5674,3,10042,0,1,1,0,0,0,0,0,0,0,0,0,0,2,4300,0,0,46,17,0
"333",333,5669,4,10042,1,0,1,0,0,0,0,0,0,0,0,0,0,2,4300,0,0,46,21,0
"334",334,5669,4,10041,0,0,0,0,0,0,1,0,0,0,0,0,0,2,4300,0,0,46,20,0
"335",335,5661,5,10041,4,0,1,0,0,0,0,0,0,0,0,1,1,5,4299,0,0,46,25,0
"336",336,5655,4,10041,2,2,1,1,0,0,0,0,0,0,0,0,0,5,4301,1,0,46,29,0
"337",337,5651,4,10041,0,1,1,1,0,0,0,0,0,0,0,0,0,3,4302,2,0,46,33,0
"338",338,5645,5,10041,2,2,1,0,0,0,0,0,0,0,0,0,0,3,4304,1,0,46,37,0
"339",339,5641,4,10041,1,1,1,1,1,0,0,0,0,0,0,0,0,3,4305,1,1,46,40,0
"340",340,5639,4,10042,0,1,1,0,0,0,0,0,0,0,0,0,1,2,4306,1,1,46,43,0
"341",341,5634,4,10040,1,1,1,0,0,0,1,0,0,0,0,1,0,2,4306,1,1,46,46,0
"342",342,5637,4,10040,0,0,0,0,0,0,0,0,0,0,0,0,0,2,4306,1,1,46,43,0
"343",343,5634,4,10040,1,2,1,0,0,0,0,0,0,0,0,0,0,1,4308,1,1,46,45,0
"344",344,5638,3,10041,0,1,0,0,0,0,0,0,0,0,0,0,1,1,4309,1,1,46,42,0
"345",345,5640,2,10041,1,1,0,0,0,0,0,0,0,0,0,0,0,2,4310,1,1,46,39,0
"346",346,5643,2,10041,1,1,0,0,0,0,0,0,0,0,0,0,0,3,4311,0,1,46,35,0
"347",347,5644,2,10042,0,1,1,1,0,0,0,0,0,0,0,0,1,1,4312,1,0,46,35,1
"348",348,5647,2,10042,2,0,0,0,0,0,0,0,0,0,0,0,0,3,4312,1,0,46,30,1
"349",349,5646,3,10042,1,1,1,0,0,0,0,0,0,0,0,0,0,2,4313,1,0,46,30,1
"350",350,5651,2,10042,0,1,0,0,0,0,0,0,0,0,0,0,0,2,4314,2,0,46,25,0
"351",351,5650,3,10042,0,0,1,0,0,0,0,0,0,0,0,0,0,1,4314,2,0,46,25,1
"352",352,5648,4,10042,1,1,1,0,0,0,0,0,0,0,0,0,0,1,4315,1,0,46,26,1
"353",353,5650,4,10044,2,0,0,0,0,0,0,0,0,0,0,0,2,3,4315,1,0,46,24,1
"354",354,5650,3,10044,2,0,0,0,1,0,0,0,0,0,0,0,0,5,4315,1,1,46,22,1
"355",355,5647,4,10044,0,1,1,0,0,0,1,0,0,0,0,0,1,3,4317,2,0,46,25,0
"356",356,5643,5,10044,1,2,1,0,0,0,0,0,0,0,0,0,0,2,4319,1,0,46,28,0
"357",357,5644,4,10044,1,0,0,1,0,0,0,0,0,0,0,0,0,3,4319,2,0,46,26,0
"358",358,5638,4,10044,2,1,1,1,0,0,0,0,0,0,0,0,0,4,4320,2,0,46,30,0
"359",359,5635,4,10044,0,2,1,0,0,0,0,0,0,0,0,0,0,2,4322,2,0,46,33,0
"360",360,5632,4,10043,0,1,1,0,0,0,1,0,0,0,0,0,0,0,4323,2,0,46,35,1
"361",361,5634,4,10044,1,1,0,0,0,0,0,0,0,0,0,0,1,1,4324,1,0,46,33,1
"362",362,5637,3,10045,0,1,0,0,0,0,0,0,0,0,0,0,1,1,4325,2,0,46,31,0
"363",363,5640,3,10045,0,1,0,0,0,0,0,0,0,0,0,0,0,1,4326,1,0,46,28,0
"364",364,5641,3,10045,2,0,0,0,0,0,0,0,0,0,0,0,0,3,4326,1,0,46,25,0
"365",365,5638,4,10045,1,1,1,0,0,0,0,0,0,0,0,0,0,2,4327,1,0,46,27,0
"366",366,5641,3,10045,0,1,0,0,0,0,0,0,0,0,0,0,0,2,4328,1,0,46,24,0
